start,end
189,255
336,2799
2800,3733
3733,5020
5233,5530
8237,9191
9305,9893
12162,14079
14167,15298
15444,16557
17488,18655
18714,19620
21180,21399
21406,22348
22390,25207
25206,25701
25825,26275
26276,27227
27292,28207
28373,29195
29650,30799
30816,34038
34299,34695
42402,43173
43187,44129
44179,45466
45462,45750
45806,47138
47245,47776
47768,49631
49822,50302
57363,58179
58473,59279
70386,71265
71350,72115
77387,77519
77620,78799
84367,85312
85629,87354
87356,87848
88027,89032
89633,90092
90093,91035
91031,91397
91412,93179
93165,94653
94649,96008
96001,97084
97086,98403
98402,99647
99643,100711
100764,102240
102232,103153
103154,103985
103981,105244
105304,106456
106556,107474
107704,108217
108278,110984
111043,111433
113443,114487
118732,119284
119280,120135
122091,122856
123016,125680
125694,127587
127911,129336
131614,134212
134387,134750
137082,138633
141430,141967
142778,143705
143701,144472
144576,145017
145080,146310
146967,147870
162104,164534
164729,167264
167483,169727
169777,170575
170574,171465
171461,173444
175106,176528
176609,176954
179236,180754
180883,182308
182462,183620
189873,190599
190856,191708
191854,192580
192871,193429
193520,194717
194902,195664
195676,196534
196545,197898
197927,200360
200481,200967
200970,201996
202100,202556
202559,203348
203347,204496
204492,205089
205125,208608
208620,209580
209678,211820
211876,212266
212330,213629
214290,214836
214832,215255
215268,215979
222832,223408
229166,229970
231121,231922
231925,232549
234815,235538
236066,236798
237334,238120
239105,239378
240342,240816
243542,244121
244326,245094
246711,247461
247636,248134
250071,250827
250897,251953
252004,252298
252300,252699
252708,253161
253478,253685
253701,254202
255976,256435
256526,257771
257828,259006
260387,261491
261502,262756
270277,272189
270602,271754
272846,273954
275324,276728
276714,277647
279930,280104
282277,283186
283200,285168
285394,286777
286788,288399
290428,290633
291403,292231
302990,303605
312111,312339
314356,315228
315290,315590
315586,316453
317438,317567
320226,321081
321607,322327
322337,323765
323757,324453
329462,331496
332370,333459
335279,335885
335924,336788
336777,338325
338324,339743
340164,341115
341124,342507
342883,343933
344175,344991
345403,345649
346483,346759
348681,349572
350011,351181
351214,352666
352705,354592
354921,356181
356170,357454
358798,359458
359488,359959
359991,361146
368610,370275
370276,371221
371238,372105
372114,372924
372920,373871
373867,374881
375458,376670
376771,377311
381350,381716
381673,382579
385231,386194
386206,386974
386970,387798
387794,388646
390250,394418
394505,395129
396638,397859
397871,398966
399592,399805
401385,401646
401746,403162
403280,403601
403702,404818
405763,406222
406404,406929
406978,407170
407427,408105
408176,408461
408608,408950
410143,411052
417141,417831
417888,419184
419590,420910
420985,422359
422517,424332
425010,426081
426136,427264
427286,427619
427646,429494
429504,430476
430604,430952
433001,433451
433454,434558
434646,435117
435136,435556
435633,436611
436588,437107
441548,442997
444682,445174
454471,454789
455132,456431
456676,457300
457425,458700
458887,461242
461450,461723
461914,463786
463936,464308
464401,464800
467411,468230
468382,468841
468870,470643
470635,472417
472597,472936
472965,474252
475378,475951
476671,477025
485760,486408
486535,489898
490881,491259
491411,491963
492091,494023
494075,494405
494404,495010
495119,496994
497174,497819
498054,499017
500124,501429
504913,506566
508217,508559
511640,512573
512575,513868
513992,514400
515918,516596
516582,517362
519732,520419
520415,522830
523260,527541
527580,527949
527951,528659
528639,529130
529499,529592
532450,532933
533010,533826
533915,535697
535709,536486
536585,537464
537632,539087
539146,540508
540564,541866
541887,543033
546679,548347
548356,549616
549626,550442
550438,551332
554610,555996
558211,558754
558973,559666
559696,562300
562335,563319
563329,563845
566375,566687
566683,568247
566841,567141
567137,568004
568314,568647
568901,570428
570892,571444
571453,572251
572367,572469
572465,572921
572920,573091
573083,573374
573370,573733
573729,573870
573955,574339
577397,577613
577612,578110
578106,578568
578326,578509
579879,580086
580833,581379
581353,581662
581659,582097
582952,583135
583680,584430
595599,596973
597130,597463
597478,598702
598713,601857
601958,603335
607835,607988
608064,609177
612736,613939
613941,614160
614156,618038
618253,619387
622299,623550
624884,626060
626069,627680
627693,628551
628550,629297
629299,629713
629893,631999
632181,632379
633585,634746
638944,639508
639752,641318
642087,643326
652234,653893
653861,654542
656556,657117
657291,657501
658030,658818
658946,659150
675017,675500
676710,677418
677414,678842
679507,680215
680211,681663
695100,696276
703943,705890
706092,707757
708333,709740
709789,710116
712986,713532
713557,715198
715411,715906
720582,720840
729133,729340
729582,733776
733775,734102
734132,735653
735649,736219
736444,736684
736824,737961
738091,738853
739000,739510
739506,740925
742826,743570
743592,744249
744242,745175
745164,745899
745934,746726
755176,755566
755559,755907
755906,757673
757688,758405
758705,761507
761521,762739
763013,764180
764179,765049
765983,767960
767977,770611
771457,773026
773041,774181
774195,774309
774308,774602
774751,775156
775152,775845
775848,776277
776341,777607
777739,779032
779066,779588
779597,780389
782084,783128
783165,783885
785632,786685
794772,794922
795088,795862
795861,796551
796553,797612
798585,799581
800758,801811
801886,803320
803502,805764
809343,810384
810380,811535
811521,812277
812269,812947
813525,815547
817043,818033
818054,818567
818569,819055
819047,819293
819294,819747
819883,820588
820792,821506
824629,825040
830871,832236
833069,835220
835247,836210
836350,837436
842331,843258
850449,850965
853182,853650
853646,854765
855962,857555
863641,864304
866567,867533
867519,869391
869410,870949
870966,871887
871889,872801
872978,875327
875334,876663
878247,878631
878741,879857
880726,881929
883672,884905
887422,887959
890088,890466
890912,891200
891183,891906
891966,892869
892956,893433
893783,894896
894990,896124
896133,897087
897083,897929
897988,898477
898517,899645
904592,904916
904912,905743
916472,918131
919234,920350
920346,922293
922912,923233
923263,925540
932594,933089
933223,937213
937371,937983
937993,939337
939427,940720
940958,943403
943413,944031
944032,944896
945870,947019
947228,948659
949667,950258
956761,957454
957652,958741
958811,960095
960263,961028
961200,961884
961994,963668
963827,964112
964319,966584
966620,968369
968365,969352
969388,970621
970672,970855
970851,971598
971751,972645
973536,974322
974318,975641
975621,976326
976325,980786
981046,982894
983074,983623
983649,984297
990621,993234
997867,998407
998489,999191
999215,1001816
1001806,1002877
1002888,1003431
1003438,1003954
1003946,1004657
1004767,1005778
1005951,1006494
1007843,1009952
1009963,1011871
1012000,1013254
1013258,1014899
1014895,1015459
1015714,1015882
1018484,1018937
1021137,1021767
1024470,1026525
1027945,1028359
1030063,1030342
1032138,1033257
1033253,1035047
1035065,1035773
1035769,1036357
1036353,1036752
1036748,1037606
1037739,1039284
1039295,1040432
1040444,1040537
1040616,1041915
1049832,1050108
1050026,1050530
1051460,1051673
1051846,1052077
1052066,1052240
1056260,1057289
1058083,1059256
1059255,1061802
1061798,1062398
1064035,1065292
1065584,1066826
1068080,1068254
1074241,1074880
1079304,1080813
1081355,1082185
1082242,1083370
1083375,1084647
1084991,1086056
1092875,1094234
1095504,1095846
1095842,1096829
1097885,1098824
1098878,1099616
1099639,1100194
1100295,1100787
1103950,1104406
1104446,1104902
1104960,1105293
1105413,1105725
1105819,1106353
1106354,1107776
1109334,1110870
1110862,1113406
1113578,1113806
1116806,1117859
1125561,1126146
1126156,1126804
1126805,1127729
1127838,1129374
1131017,1131434
1131437,1131842
1131853,1132549
1132573,1133782
1133801,1134557
1134728,1135511
1135563,1136262
1136273,1137371
1137370,1138312
1138377,1140021
1140032,1140986
1144501,1144822
1144939,1145899
1146793,1147315
1147366,1147540
1147620,1148691
1148758,1149712
1149727,1150657
1150669,1151404
1151614,1151851
1151938,1153180
1153299,1154109
1154111,1155134
1155123,1155765
1155761,1156766
1156776,1157574
1157868,1159302
1161884,1162244
1162246,1162624
1162637,1163279
1163259,1164084
1164094,1165120
1165142,1165685
1166084,1167389
1167598,1168138
1169072,1169330
1175426,1176626
1176618,1177320
1177319,1178564
1178592,1179504
1179630,1180359
1185843,1187070
1195122,1196373
1198694,1199588
1201496,1201838
1203023,1203224
1203267,1203825
1203821,1204160
1204169,1204403
1204403,1205537
1205548,1205731
1205730,1206142
1206142,1206922
1206912,1207497
1207500,1208130
1208131,1208545
1209684,1210239
1210345,1211179
1211412,1211577
1215788,1216025
1216067,1216340
1216368,1216635
1216747,1216996
1217327,1218851
1218982,1219201
1219600,1222248
1223263,1223449
1223563,1223907
1226599,1226968
1227713,1228007
1228078,1228738
1228814,1229276
1230766,1231186
1231185,1232454
1234937,1235657
1237570,1238869
1238878,1239949
1243179,1243791
1244727,1244982
1245159,1245600
1251065,1252985
1258790,1259069
1263713,1264970
1265011,1266094
1266093,1266927
1266923,1267316
1267319,1268129
1268164,1269019
1272118,1272349
1272506,1273202
1273783,1275178
1277956,1279348
1279863,1283607
1283603,1285142
1285138,1285849
1285848,1286526
1289244,1290150
1290241,1291255
1291456,1292365
1293526,1294144
1298597,1299245
1301181,1302813
1302898,1303819
1303833,1304742
1304753,1305767
1305763,1306768
1308787,1308961
1311088,1311808
1314019,1314658
1323219,1324101
1324097,1324718
1324745,1326641
1326851,1327727
1329331,1330381
1331047,1333645
1333854,1334829
1335123,1335288
1335290,1335458
1335830,1338506
1339329,1340094
1340242,1340551
1340557,1341727
1341920,1342658
1342657,1342984
1346795,1346900
1361119,1361884
1361910,1362468
1362742,1364230
1364231,1365512
1365549,1366815
1368078,1368747
1368800,1369025
1369024,1369384
1369392,1369614
1369688,1370003
1370215,1371895
1371908,1373201
1373221,1374103
1374089,1374932
1374962,1376015
1376033,1376822
1376831,1377887
1377883,1380151
1380147,1380807
1380820,1381902
1381946,1382852
1384116,1385514
1385510,1386572
1386719,1388261
1388929,1389895
1391990,1392890
1393226,1394840
1396075,1397092
1397364,1397622
1404740,1405649
1405978,1406542
1408049,1409033
1409510,1410884
1418670,1419159
1420364,1420661
1420683,1421106
1421118,1421976
1421982,1422729
1422700,1423200
1423200,1423644
1423399,1423585
1423781,1425239
1425376,1425640
1425629,1426082
1426453,1427386
1427388,1428984
1429048,1432411
1432410,1432986
1441057,1441324
1443050,1445690
1445686,1445872
1445879,1446206
1447518,1449018
1453926,1454856
1454867,1455155
1455163,1455910
1455924,1456422
1456429,1457500
1457496,1458264
1458263,1459052
1459053,1460481
1460470,1460893
1460892,1462098
1462124,1463438
1463538,1464489
1464470,1465061
1465391,1474013
1469357,1470509
1474220,1475081
1475143,1477450
1477620,1478226
1478225,1479122
1479137,1480895
1480908,1482201
1483060,1486963
1487234,1488035
1488231,1489671
1490901,1491432
1491676,1491850
1492469,1494110
1495287,1496631
1496855,1498511
1498650,1498875
1498937,1499477
1500572,1501565
1501561,1502155
1502456,1503125
1503716,1504865
1506171,1506708
1506780,1508742
1509285,1509462
1509507,1509924
1510002,1511409
1511653,1512799
1512816,1513830
1513830,1514772
1514761,1515556
1515577,1517002
1517388,1517562
1517647,1517881
1519026,1520064
1520261,1520927
1523306,1524368
1526246,1526864
1526939,1527152
1527901,1529938
1529921,1530404
1530585,1531639
1531815,1532952
1533051,1533285
1534023,1534869
1547400,1550448
1550460,1551345
1551337,1551991
1556624,1557056
1601489,1603025
1603018,1604047
1604046,1605039
1605050,1606073
1606099,1606975
1606998,1607289
1607345,1608104
1614803,1615685
1615762,1616878
1617027,1618218
1619119,1619554
1619573,1619957
1619988,1620207
1621331,1622519
1622645,1622741
1624772,1625291
1627516,1628263
1628351,1629038
1629214,1629418
1633071,1633305
1633621,1634212
1636755,1636989
1637046,1637457
1641854,1642067
1645896,1646202
1646404,1646737
1647933,1648341
1648507,1648663
1648664,1648793
1648822,1649041
1649608,1649797
1649793,1649985
1650077,1650842
1650844,1651537
1651550,1652708
1655807,1656149
1656183,1656744
1657564,1657870
1658068,1660495
1660555,1662979
1662989,1663607
1663608,1664463
1664505,1665120
1665314,1666571
1669698,1670952
1671375,1671684
1671776,1671860
1671959,1672781
1673912,1674947
1678426,1679371
1679556,1680939
1680975,1681698
1682158,1682878
1682881,1684183
1684258,1685188
1688575,1689751
1689851,1691360
1699354,1700947
1700956,1702129
1702232,1703234
1704550,1704676
1704948,1705164
1705249,1705690
1705766,1706348
1706347,1706926
1706918,1709141
1709141,1710200
1710203,1710824
1710827,1711523
1711522,1712158
1712768,1714271
1714376,1714982
1719875,1720343
1721024,1721261
1721263,1722121
1722120,1724133
1726022,1726622
1726658,1727756
1727836,1728244
1728346,1728994
1729086,1733703
1734434,1735250
1735377,1735959
1737843,1738869
1739910,1741122
1741412,1742561
1743456,1744830
1746699,1747005
1747130,1748735
1755697,1757110
1757420,1757657
1769073,1770186
1770614,1770971
1771070,1772285
1772511,1773777
1773788,1774655
1774685,1775444
1775586,1777182
1777195,1778347
1779616,1780381
1780400,1781339
1781394,1782684
1782680,1782974
1783030,1784677
1787444,1788278
1788434,1789481
1789612,1789804
1803093,1804993
1805164,1805272
1806369,1807299
1807399,1807690
1807795,1808656
1809379,1810048
1810210,1810801
1810933,1812325
1813866,1816128
1822457,1823285
1823514,1824402
1832427,1833234
1833400,1834111
1834115,1834793
1834807,1835515
1835514,1836063
1836072,1837239
1837211,1838747
1838746,1839400
1839466,1840774
1841489,1841897
1842370,1843714
1848836,1850693
1850859,1851876
1851886,1852528
1862770,1863766
1863849,1864734
1866907,1868842
1868954,1870238
1870384,1871860
1872040,1873531
1873573,1874077
1874351,1874798
1875672,1876854
1876908,1877256
1877714,1878740
1878772,1878871
1878873,1878948
1881911,1882997
1883187,1884633
1884664,1885789
1885844,1886810
1893366,1893711
1894132,1894432
1894804,1896166
1896169,1896748
1896931,1898296
1898426,1900025
1902047,1903019
1903081,1903882
1903894,1904746
1904800,1905259
1905687,1906254
1908924,1909164
1910275,1911649
1916257,1917541
1917509,1920143
1920222,1921662
1921779,1922016
1922120,1922312
1925107,1925338
1925439,1926096
1926119,1926782
1930880,1932059
1936651,1937521
1937648,1939091
1942661,1943417
1943413,1944199
1946250,1946853
1950831,1951398
1951394,1952213
1952265,1952661
1952701,1953445
1953441,1954413
1960061,1961795
1961971,1962460
1979752,1980181
1986924,1987428
1988221,1988545
1988715,1989213
1989680,1990892
1995817,1996042
2003871,2005278
2005302,2005713
2005712,2006078
2006155,2007643
2008276,2009482
2009478,2009712
2009820,2010489
2010599,2011079
2012501,2012663
2013228,2014887
2014879,2015875
2015867,2016554
2016553,2017927
2017945,2018389
2018385,2019513
2019617,2020082
2020086,2021091
2021087,2021501
2021503,2021869
2021868,2022606
2022615,2022885
2022892,2023678
2023967,2024591
2024985,2025213
2025510,2026326
2029538,2030459
2034050,2035243
2035834,2036686
2038955,2039369
2039477,2040482
2040482,2041118
2041374,2042025
2042367,2042898
2043650,2044448
2044937,2052014
2053642,2054959
2055060,2056515
2056857,2057574
2068634,2070474
2070659,2071211
2071538,2074658
2074778,2076311
2076307,2076754
2076816,2077038
2077111,2077480
2077568,2077943
2077939,2078107
2078745,2078931
2082755,2084183
2089995,2090046
2090191,2091091
2091096,2092401
2092397,2093468
2093467,2094535
2094534,2095125
2095124,2095862
2095843,2096620
2096613,2097225
2137901,2139485
2143265,2146583
2147673,2149026
2151184,2151646
2154015,2155263
2155262,2158385
2158385,2161463
2161463,2162879
2162875,2164279
2164275,2164998
2165188,2165521
2165667,2167029
2168711,2169611
2170235,2170535
2170531,2171398
2178820,2180098
2180094,2181099
2181095,2182061
2185916,2186741
2186959,2187298
2194299,2196333
2196473,2200269
2200278,2203911
2203971,2204289
2204595,2205684
2205694,2207974
2207966,2209103
2209099,2211100
2211224,2211686
2214865,2215597
2215656,2215764
2222184,2223900
2225800,2226379
2228981,2229065
2230623,2231022
2231018,2231714
2231843,2232728
2232877,2233597
2233599,2233839
2234032,2235271
2235264,2236500
2243909,2244746
2249716,2250766
2250839,2251697
2251699,2252788
2255354,2256014
2263862,2265044
2265449,2266022
2266244,2267711
2267828,2268815
2268853,2269567
2269978,2270545
2270725,2272282
2272363,2274178
2274178,2275273
2275272,2276298
2276299,2277889
2280631,2282392
2282516,2282801
2284128,2284356
2284375,2286136
2290499,2291147
2303904,2304393
2313487,2316160
2316176,2316827
2320042,2321869
2321865,2323251
2323446,2324109
2324108,2324759
2324755,2326078
2326108,2327293
2339566,2340289
2344864,2347150
2347383,2348514
2348513,2348768
2349650,2349893
2352646,2354275
2354264,2355524
2355520,2356711
2356903,2357803
2357803,2358001
2364553,2364979
2365927,2367067
2367070,2368039
2368038,2370021
2370017,2370908
2370907,2372560
2372556,2372892
2372891,2373278
2381607,2382525
2382712,2383924
2385859,2386831
2386933,2387437
2388634,2389057
2389115,2389964
2407560,2408778
2408861,2409461
2413469,2414672
2414746,2416891
2417080,2418601
2420620,2421268
2421324,2421687
2421707,2422601
2437949,2438945
2441763,2443770
2448605,2449157
2461305,2462646
2463011,2464070
2465300,2466233
2466544,2467702
2467854,2468217
2468213,2469134
2469130,2470462
2470814,2471105
2473603,2473966
2474031,2474856
2474983,2475520
2475510,2475873
2475872,2476178
2476180,2476231
2476309,2476510
2477846,2479184
2479201,2480530
2483754,2484369
2484373,2487967
2494697,2494973
2495644,2496565
2496920,2496992
2498670,2500368
2500382,2501117
2501129,2501987
2509629,2510886
2511000,2511327
2513041,2514244
2514330,2515443
2518466,2518811
2518812,2519205
2525126,2525891
2526945,2527944
2531462,2532224
2532408,2533380
2533763,2534021
2534065,2535793
2535833,2536343
2537341,2537716
2537748,2538483
2545772,2546669
2546672,2548097
2548101,2549406
2552351,2553221
2553224,2554124
2558857,2560066
2560256,2560898
2561367,2561613
2561624,2561993
2562110,2562527
2562523,2563117
2563591,2563969
2563979,2564372
2564522,2565332
2578665,2579616
2579635,2581639
2585730,2587431
2587594,2590708
2591246,2591603
2591606,2592734
2592761,2592962
2599905,2600478
2600477,2600948
2601200,2601818
2601817,2603836
2603846,2604794
2604810,2606250
2606261,2606912
2606916,2608497
2608486,2610154
2610163,2610709
2610705,2611464
2611456,2611870
2611899,2613912
2613933,2614782
2616093,2617557
2617577,2617937
2621196,2622234
2622233,2622872
2623043,2625110
2625114,2626656
2629289,2629481
2629791,2630310
2630325,2630865
2634231,2635602
2652493,2653339
2663441,2664245
2664389,2665244
2665434,2666715
2669031,2670393
2670389,2670908
2670907,2671228
2671224,2672037
2672046,2673249
2673345,2673768
2682862,2684056
2685834,2687025
2695800,2697357
2698758,2699607
2699662,2699923
2710419,2712042
2712895,2714230
2715422,2716010
2716753,2717443
2718734,2719154
2719222,2719921
2719952,2722613
2722726,2724082
2724127,2724451
2736145,2736883
2737153,2737495
2737598,2737646
2737744,2738905
2741359,2741725
2741874,2742393
2742382,2743609
2743624,2744107
2747961,2748753
2748773,2750060
2750830,2751709
2751794,2753456
2753604,2753946
2754895,2755378
2756158,2757400
2758643,2758856
2758984,2760394
2760546,2761173
2765917,2766991
2766983,2767355
2767709,2768573
2768664,2769486
2769702,2770404
2770444,2770681
2770680,2771124
2771147,2771615
2773317,2775021
2775544,2775816
2775918,2776377
2776385,2776868
2776876,2777077
2777114,2777432
2777452,2777782
2786396,2788649
2788984,2789962
2789981,2791250
2791272,2792721
2792734,2794015
2794252,2795653
2795673,2796336
2797210,2797510
2797519,2798044
2799163,2799613
2800145,2800475
2800722,2800968
2800964,2801375
2801347,2803492
2803501,2804461
2804814,2806017
2806009,2807074
2807131,2808124
2808315,2809493
2809616,2810354
2810343,2810679
2810769,2811300
2811426,2812599
2812615,2814154
2825831,2826395
2826391,2827351
2827361,2827733
2827736,2828516
2828620,2828980
2829046,2829820
2829812,2830778
2832475,2833915
2833911,2835045
2839523,2840981
2840989,2842414
2850646,2850997
2851000,2851873
2851863,2852136
2852135,2853257
2853253,2854264
2854337,2856416
2857092,2859654
2859759,2860416
2861429,2862338
2862334,2863501
2863592,2864231
2864235,2865012
2865100,2866465
2876580,2877618
2892213,2892579
2892656,2893928
2893918,2894179
2894195,2894771
2900591,2901869
2901895,2903374
2905556,2905697
2905710,2906583
2915056,2917813
2925347,2926196
2926307,2927672
2928228,2929518
2929575,2930943
2931054,2931810
2934234,2935551
2935583,2937359
2937467,2938886
2938887,2939310
2939367,2940099
2943336,2944542
2944541,2944985
2949241,2950573
2969661,2970351
2970419,2971133
2971270,2971489
2971596,2972637
2976598,2977630
2979020,2979956
2985846,2987076
2987535,2988168
2988501,2989311
2989303,2989786
2990553,2991043
2991267,2991759
2992093,2993470
2993637,2993856
2993938,2994441
3000344,3002603
3002613,3003492
3003488,3003968
3006261,3007452
3007509,3008706
3008763,3009975
3010027,3011413
3011460,3012393
3015159,3015738
3016059,3019158
3019160,3020489
3020539,3021319
3021315,3024186
3024350,3025751
3025765,3027085
3027120,3028488
3031366,3032815
3032816,3032942
3033064,3033613
3039854,3040376
3041312,3042293
3043661,3045101
3055611,3055941
3056240,3056789
3059752,3060646
3060849,3062994
3062986,3063982
3063992,3064778
3064801,3066280
3081912,3082671
3086186,3086402
3086705,3087860
3088283,3089678
3089754,3090252
3090346,3091054
3091133,3091865
3091877,3092828
3092936,3093500
3093499,3093916
3095097,3095802
3095819,3096386
3096382,3096673
3096680,3097274
3097266,3098403
3103012,3104065
3104092,3104368
3104432,3105512
3105713,3106970
3109552,3110260
3128271,3129036
3130177,3131194
3134130,3134823
3138726,3139593
3147896,3148937
3149661,3150546
3152235,3153423
3153562,3154222
3155354,3156518
3156622,3157450
3157649,3158576
3158626,3158884
3169827,3170487
3170483,3171833
3172529,3173111
3173141,3173456
3178114,3179596
3179743,3180415
3180420,3181581
3182549,3183323
3184839,3185130
3185413,3185965
3186060,3189865
3186186,3186552
3186509,3187415
3189880,3190630
3190631,3191696
3192207,3192837
3192863,3194525
3194765,3194825
3195140,3195200
3201206,3201827
3201890,3203129
3204693,3205311
3206462,3207374
3207370,3207976
3208023,3209487
3210780,3210996
3211106,3212852
3213046,3214888
3216778,3217402
3219493,3220873
3221465,3222449
3222632,3225725
3225721,3226171
3226233,3227667
3227800,3228871
3228887,3231239
3231664,3233683
3235959,3236463
3236539,3237232
3237310,3238297
3238579,3239545
3239943,3241188
3245223,3246522
3246651,3247428
3247772,3248435
3248438,3248822
3248968,3249337
3249374,3249680
3249682,3250087
3250076,3250376
3250561,3250954
3251023,3252010
3252303,3252669
3252910,3253267
3254318,3255020
3255042,3255207
3267379,3267598
3267853,3268393
3268414,3269602
3275281,3276853
3277001,3277337
3277336,3277801
3278913,3280194
3280216,3280690
3280700,3281075
3281070,3281625
3281975,3283130
3283142,3284003
3284169,3284646
3284684,3285488
3285477,3286269
3286269,3287025
3287425,3288010
3288089,3288785
3288813,3291330
3291340,3292432
3293399,3295436
3295393,3295789
3295808,3296399
3296408,3296984
3298973,3299492
3299965,3300268
3301484,3302480
3302488,3303367
3303447,3304455
3318636,3319980
3327789,3328083
3328962,3330396
3333709,3334681
3334908,3335187
3340274,3341252
3341265,3342252
3342272,3342839
3342835,3343411
3343379,3343937
3343943,3344669
3344716,3346150
3346172,3346460
3346577,3347069
3347114,3347969
3347965,3348238
3348451,3349084
3354724,3359185
3359197,3360616
3361175,3361940
3362111,3362786
3362806,3365188
3365184,3366929
3366925,3367642
3367826,3368954
3374868,3376236
3380190,3380589
3380742,3382110
3382199,3383267
3384702,3385173
3385537,3385801
3389519,3390449
3403483,3404458
3404494,3404637
3404637,3405031
3405435,3405906
3405916,3407266
3407374,3407617
3407606,3409058
3409069,3409951
3410279,3411245
3411270,3411567
3411652,3412537
3412620,3412800
3413863,3415021
3415032,3418137
3418389,3418611
3419041,3420066
3420133,3421315
3421324,3422428
3422435,3423194
3429235,3429790
3433689,3434199
3434213,3435161
3435206,3436496
3436517,3437894
3438023,3438434
3455577,3456393
3456376,3458329
3458338,3459820
3459816,3461013
3461022,3461460
3461467,3461977
3461973,3462351
3462343,3462931
3462923,3463907
3463921,3465085
3465081,3465543
3465542,3466220
3477639,3477858
3481288,3483202
3483201,3484224
3484217,3484436
3484489,3485359
3486119,3486752
3486790,3488893
3492567,3493749
3494010,3496554
3496550,3496877
3497002,3497809
3497827,3499201
3499447,3499615
3499909,3501247
3501267,3502290
3502339,3503170
3503166,3503952
3504051,3504783
3522870,3525423
3526468,3528604
3528668,3529337
3529347,3529749
3529773,3530652
3532817,3534440
3536811,3537288
3537384,3539706
3540162,3540390
3540406,3542728
3542727,3542964
3543166,3544045
3544881,3545565
3545623,3546199
3546558,3547875
3553084,3555790
3558267,3559866
3562012,3563518
3575070,3575664
3581137,3581626
3581862,3583041
3583037,3584309
3583482,3583758
3583676,3584180
3584758,3585043
3586942,3587383
3597983,3598367
3604392,3604989
3604978,3605248
3605750,3606377
3606450,3608649
3609216,3609882
3609954,3610512
3611864,3612914
3612968,3613556
3613666,3615241
3615240,3616185
3616181,3617015
3617014,3617779
3617775,3618582
3618587,3618989
3619191,3623427
3623398,3623782
3623886,3624237
3624377,3625514
3634840,3635893
3637641,3639141
3640110,3640545
3640861,3642331
3645384,3646227
3646298,3647651
3648527,3648881
3648934,3650224
3650236,3650662
3651290,3653713
3653960,3654527
3654682,3655213
3656994,3657567
3658365,3658893
3659231,3660389
3660413,3663527
3669591,3671241
3672413,3673313
3673361,3674375
3674785,3676108
3679418,3680348
3696457,3698029
3698025,3698217
3698213,3699893
3700562,3701834
3713091,3713655
3713651,3714092
3716546,3717206
3717309,3718284
3719477,3719768
3720048,3720261
3720679,3721201
3721197,3722049
3725886,3726882
3731130,3732123
3732200,3733742
3733719,3734901
3734978,3736157
3737496,3739527
3739704,3740958
3742732,3743731
3743742,3744210
3744327,3744801
3744803,3746081
3746093,3747080
3747083,3748580
3748576,3749239
3749231,3750092
3750085,3750781
3750917,3751109
3751991,3752966
3762182,3766316
3766336,3767179
3767220,3768165
3768176,3768638
3768638,3768890
3768891,3769256
3769344,3769783
3769947,3770146
3772280,3774194
3774423,3775572
3775571,3776159
3776664,3777027
3777398,3779054
3779053,3779830
3779826,3781017
3781214,3781688
3785259,3786804
3786837,3788097
3788100,3789060
3793986,3794919
3794928,3795975
3795978,3796938
3796947,3798207
3808539,3809817
3809824,3810304
3812730,3813951
3813931,3814387
3814493,3815090
3816675,3817539
3817759,3818584
3818873,3819491
3821427,3822051
3822105,3822381
3822399,3824508
3824514,3825204
3825209,3827291
3828944,3830336
3830456,3832166
3836424,3836556
3836952,3838137
3838247,3839171
3840214,3840508
3843963,3845730
3853552,3853642
3853921,3855106
3856414,3856864
3860282,3861176
3863898,3864615
3867727,3868060
3869376,3870441
3875437,3876094
3884335,3884476
3884492,3884852
3884815,3885073
3885075,3886722
3886827,3888192
3888434,3888509
3888729,3890145
3890235,3891483
3891614,3892790
3892764,3893724
3893880,3894630
3894651,3895218
3896773,3897439
3897505,3897973
3898021,3898609
3927154,3928147
3931315,3933184
3933350,3933770
3933777,3935283
3935287,3936253
3936277,3937168
3937293,3938223
3938226,3939219
3948085,3948424
3950321,3950420
3950506,3950557
3950559,3952204
3952200,3952464
3952483,3953413
3953477,3955328
3955330,3956875
3957969,3959445
3960676,3962698
3965760,3966090
3966416,3967676
3967915,3969019
3969030,3970077
3970132,3971263
3971259,3972522
3972521,3973589
3973607,3974489
3974466,3975141
3975145,3976276
3976277,3977528
3977524,3978604
3978600,3979953
3979955,3980696
3980886,3982272
3982957,3984193
3991152,3993699
3994521,3994725
3994761,3995586
3995582,3996290
3996286,3997183
3997182,3997899
3997982,4000145
4001425,4002376
4004861,4005731
4005863,4007693
4007756,4008377
4009169,4010192
4010199,4011000
4011075,4011975
4013052,4015314
4016430,4017192
4017332,4018760
4018854,4019610
4019623,4020229
4020225,4021866
4021944,4022214
4022217,4022733
4022735,4023512
4023553,4024336
4024987,4026481
4026526,4027228
4031160,4032492
4032491,4033106
4033144,4034596
4034607,4035153
4042068,4042338
4042414,4043401
4043417,4044044
4044198,4045629
4046965,4049752
4051346,4051856
4052044,4053418
4058406,4060230
4060446,4061157
4061164,4062145
4062246,4063512
4073738,4074635
4074668,4075454
4075552,4076152
4076145,4077018
4077014,4077452
4077448,4078438
4079296,4079509
4079750,4079969
4086015,4086849
4087001,4088057
4097735,4098572
4098645,4099494
4100809,4101430
4101689,4102673
4102821,4103496
4105819,4106320
4106468,4107371
4107551,4108514
4108833,4109823
4109929,4110685
4112314,4112755
4112966,4113266
4113292,4113721
4118514,4118760
4127012,4127225
4128671,4129832
4129834,4132267
4132615,4133506
4133834,4136015
4136107,4137013
4142529,4143609
4143623,4143944
4143994,4146292
4146257,4147136
4147137,4147479
4155000,4156005
4156012,4156789
4156849,4158223
4158489,4159407
4161123,4161771
4161770,4162130
4163638,4165483
4165427,4166285
4172056,4173085
4173081,4174047
4175943,4177128
4177357,4177741
4177742,4178288
4178446,4178875
4178878,4179583
4179995,4180493
4180559,4180925
4181244,4185273
4185349,4189573
4189785,4190325
4196902,4197676
4197715,4198780
4198789,4199461
4199503,4200094
4200280,4200553
4200565,4201261
4201925,4203323
4203319,4204645
4213233,4213617
4214279,4215209
4215477,4217079
4217108,4218413
4218595,4220332
4223827,4227511
4227730,4229362
4230353,4231226
4233757,4235407
4235905,4236148
4236261,4236900
4236896,4237634
4237633,4239730
4240324,4240735
4246783,4247899
4247970,4249311
4249553,4250474
4250702,4252283
4252505,4253003
4253015,4253888
4256636,4257005
4257114,4257723
4257741,4259121
4259236,4259446
4260320,4260575
4260598,4261306
4261668,4262706
4262839,4263082
4264313,4265729
4265781,4266861
4267113,4268307
4269413,4270127
4270237,4270654
4270657,4271014
4274124,4274661
4275470,4277057
4277468,4277933
4278478,4279828
4279979,4281629
4287763,4289200
4289244,4289811
4289807,4290479
4290475,4291432
4291511,4293170
4293162,4293546
4293542,4294139
4294480,4295794
4313349,4313799
4313867,4314197
4327134,4329363
4329359,4330238
4330501,4332004
4332115,4332205
4341910,4343266
4343368,4344790
4351842,4352073
4352084,4352357
4352583,4352880
4352907,4353081
4368663,4369140
4370687,4370981
4371024,4372671
4372808,4373162
4375698,4376265
4376316,4376442
4376552,4376699
4376874,4377192
4382642,4383620
4383838,4385341
4385392,4385707
4385703,4386018
4391603,4392149
4392891,4392945
4394065,4395613
4395584,4396046
4396064,4397402
4397411,4399259
4399251,4400202
4400287,4400596
4400671,4401952
4402037,4403297
4403299,4404304
4404385,4404583
4404686,4405985
4406189,4406615
4406653,4409095
4409274,4410006
4410132,4410534
4410552,4411251
4411301,4411961
4411978,4412377
4412386,4413025
4413027,4414191
4414274,4415900
4416951,4417701
4419979,4421377
4421392,4421698
4421707,4422172
4422185,4422836
4422845,4423700
4423699,4424386
4425117,4425513
4425519,4425834
4425838,4426066
4426107,4426557
4427693,4428095
4428934,4429555
4429863,4431276
4434112,4434493
4436754,4437495
4437706,4438645
4439586,4439793
4442381,4444115
4444111,4447891
4447893,4448235
4448446,4448698
4448691,4449042
4449961,4450918
4451057,4452560
4452570,4453596
4453582,4454578
4455784,4457158
4457958,4459311
4459489,4459855
4467430,4467484
4467624,4470321
4474123,4474717
4474861,4475314
4475436,4477251
4478472,4478889
4479729,4480926
4486217,4487318
4487317,4488400
4494622,4495186
4496674,4497940
4498271,4498637
4498594,4499500
4501259,4501589
4504057,4505275
4505286,4506405
4506447,4506573
4506860,4507109
4507196,4509793
4509803,4510133
4518526,4518802
4518720,4519224
4534790,4536031
4540956,4541559
4542036,4542633
4543114,4543663
4543727,4544267
4544303,4545029
4545095,4547732
4547741,4548272
4548284,4548788
4548807,4549710
4551635,4552820
4552900,4554361
4554575,4555349
4556992,4557385
4560929,4561484
4568997,4569918
4571750,4571915
4572413,4573916
4573918,4576855
4586948,4587863
4591656,4593312
4595989,4597012
4603476,4604202
4604159,4604837
4605803,4606040
4607802,4608216
4608184,4608631
4608645,4609323
4609413,4611003
4611395,4612001
4612127,4612289
4612410,4613484
4613480,4614260
4617322,4618102
4618228,4619551
4619602,4620826
4620882,4621602
4621768,4623100
4624894,4625863
4625911,4627294
4627314,4628547
4630732,4632670
4632759,4633086
4633796,4634444
4635520,4635994
4636006,4636696
4636695,4638120
4638177,4639530
4640401,4640542
4640941,4641628
